
-- Lozinke su hesovane pomocu BCrypt algoritma https://www.dailycred.com/article/bcrypt-calculator
-- Lozinka za oba user-a je 123

--INSERT INTO USER (id, username, password, first_name, last_name, email, enabled, last_password_reset_date) VALUES (2, 'admin', '$2a$04$Vbug2lwwJGrvUXTj6z7ff.97IzVBkrJ1XfApfGNl.Z695zqcnPYra', 'Nikola', 'Nikolic', 'admin@example.com', true, '2017-10-01 18:57:58.508-07');
INSERT INTO user (id, activated, city, email, first_name, last_name, password, phone, username,version) VALUES ('1', true, 's', 'admin@admin.admin', 's', 'ss', '$2a$10$BjZ8Ihb955YG9AiR4JvkL.k9WUR7/oGa8LIF6Q0ys7k.EVrbOtRqe', '123/456-78-99', 'admin','1');
INSERT INTO user (id, activated, city, email, first_name, last_name, password, phone, username,version) VALUES ('3', true, 's', 'admmin@admin.admin', 's', 'ss', '$2a$10$BjZ8Ihb955YG9AiR4JvkL.k9WUR7/oGa8LIF6Q0ys7k.EVrbOtRqe', '123/456-78-99', 'racadmin','1');

INSERT INTO AUTHORITY (id, name) VALUES (1, 'ROLE_USER');
INSERT INTO AUTHORITY (id, name) VALUES (2, 'ROLE_SYSTEM_ADMIN');
INSERT INTO AUTHORITY (id, name) VALUES (3, 'ROLE_AIRPORT_ADMIN');
INSERT INTO AUTHORITY (id, name) VALUES (4, 'ROLE_HOTEL_ADMIN');
INSERT INTO AUTHORITY (id, name) VALUES (5, 'ROLE_RENT_A_CAR_ADMIN');


INSERT INTO user (id, activated, city, email, first_name, last_name, password, phone, username,version) VALUES ('2', true, 's', 'admin@admin.admin', 'Milorad1', 'ss', '$2a$10$BjZ8Ihb955YG9AiR4JvkL.k9WUR7/oGa8LIF6Q0ys7k.EVrbOtRqe', '123/456-78-99', 'milorad1','1');
INSERT INTO user (id, activated, city, email, first_name, last_name, password, phone, username,version) VALUES ('4', true, 's', 'admin@admin.admin', 'Milorad2', 'ss', '$2a$10$BjZ8Ihb955YG9AiR4JvkL.k9WUR7/oGa8LIF6Q0ys7k.EVrbOtRqe', '123/456-78-99', 'milorad2','1');
INSERT INTO user (id, activated, city, email, first_name, last_name, password, phone, username,version) VALUES ('5', true, 's', 'admin@admin.admin', 'Milorad3', 'ss', '$2a$10$BjZ8Ihb955YG9AiR4JvkL.k9WUR7/oGa8LIF6Q0ys7k.EVrbOtRqe', '123/456-78-99', 'milorad3','1');
INSERT INTO user (id, activated, city, email, first_name, last_name, password, phone, username,version) VALUES ('6', true, 's', 'admin@admin.admin', 'Milorad4', 'ss', '$2a$10$BjZ8Ihb955YG9AiR4JvkL.k9WUR7/oGa8LIF6Q0ys7k.EVrbOtRqe', '123/456-78-99', 'milorad4','1');

INSERT INTO USER_AUTHORITY (user_id, authority_id) VALUES (1, 2);
INSERT INTO USER_AUTHORITY (user_id, authority_id) VALUES (2, 1);
INSERT INTO USER_AUTHORITY (user_id, authority_id) VALUES (4, 1);
INSERT INTO USER_AUTHORITY (user_id, authority_id) VALUES (5, 1);
INSERT INTO USER_AUTHORITY (user_id, authority_id) VALUES (6, 1);
INSERT INTO USER_AUTHORITY (user_id, authority_id) VALUES (3, 5);

INSERT INTO destination (id,city,country) VALUES(1,'novi sad','srbija');
INSERT INTO rentacar_company (id,address,description,name,version,admin,location_id) VALUES (1,'kisacka 24','ad','ad',1,3,1);

-- insert into user (id, activated, city, email, first_name, last_name, password, phone, username) values (1, true, 'Dama', 'oblazey0@flavors.me', 'Obediah', 'Blazey', '{username}', '565-462-5424', 'oblazey0');
-- insert into user (id, activated, city, email, first_name, last_name, password, phone, username) values (2, false, 'Pocrí', 'rmaddyson1@hatena.ne.jp', 'Rianon', 'Maddyson', '{username}', '440-312-5483', 'rmaddyson1');
-- insert into user (id, activated, city, email, first_name, last_name, password, phone, username) values (3, true, 'Szczaniec', 'nhryniewicki2@over-blog.com', 'Nona', 'Hryniewicki', '{username}', '709-794-0226', 'nhryniewicki2');
-- insert into user (id, activated, city, email, first_name, last_name, password, phone, username) values (4, false, 'Úštěk', 'prielly3@dell.com', 'Paco', 'Rielly', '{username}', '599-259-7045', 'prielly3');
-- insert into user (id, activated, city, email, first_name, last_name, password, phone, username) values (5, false, 'Pinsk', 'lnangle4@toplist.cz', 'Lamond', 'Nangle', '{username}', '371-533-8424', 'lnangle4');
-- insert into user (id, activated, city, email, first_name, last_name, password, phone, username) values (6, true, 'Songyuan', 'nschruurs5@dedecms.com', 'Nealon', 'Schruurs', '{username}', '884-481-6766', 'nschruurs5');
-- insert into user (id, activated, city, email, first_name, last_name, password, phone, username) values (7, true, 'Vakhsh', 'gmoncrefe6@ebay.com', 'Grover', 'Moncrefe', '{username}', '872-171-8975', 'gmoncrefe6');
-- insert into user (id, activated, city, email, first_name, last_name, password, phone, username) values (8, true, 'Muyuzi', 'bsivyer7@flickr.com', 'Brittaney', 'Sivyer', '{username}', '459-437-3389', 'bsivyer7');
-- insert into user (id, activated, city, email, first_name, last_name, password, phone, username) values (9, false, 'Growong Lor', 'ahansod8@ow.ly', 'Aileen', 'Hansod', '{username}', '974-446-7561', 'ahansod8');
-- insert into user (id, activated, city, email, first_name, last_name, password, phone, username) values (10, true, 'Pingtang', 'epenticoot9@epa.gov', 'Elvira', 'Penticoot', '{username}', '350-204-8059', 'epenticoot9');
-- insert into user (id, activated, city, email, first_name, last_name, password, phone, username) values (11, false, 'Mezinovskiy', 'lkonerta@washingtonpost.com', 'Leroi', 'Konert', '{username}', '564-634-7262', 'lkonerta');
-- insert into user (id, activated, city, email, first_name, last_name, password, phone, username) values (12, false, 'Al Khirāb', 'ooleninb@homestead.com', 'Olwen', 'Olenin', '{username}', '859-359-9380', 'ooleninb');
-- insert into user (id, activated, city, email, first_name, last_name, password, phone, username) values (13, false, 'Stockholm', 'lmcreathc@networkadvertising.org', 'Leodora', 'McReath', '{username}', '686-170-1878', 'lmcreathc');
-- insert into user (id, activated, city, email, first_name, last_name, password, phone, username) values (14, false, 'Troitsk', 'dbassickd@wordpress.com', 'Darcee', 'Bassick', '{username}', '794-306-4781', 'dbassickd');
-- insert into user (id, activated, city, email, first_name, last_name, password, phone, username) values (15, true, 'Patria', 'cmcbrydee@craigslist.org', 'Cammi', 'McBryde', '{username}', '243-589-4510', 'cmcbrydee');
-- insert into user (id, activated, city, email, first_name, last_name, password, phone, username) values (16, true, 'Airmolek', 'hlazenburyf@quantcast.com', 'Haleigh', 'Lazenbury', '{username}', '774-247-4931', 'hlazenburyf');
-- insert into user (id, activated, city, email, first_name, last_name, password, phone, username) values (17, false, 'Blagoveshchenka', 'dbickfordg@barnesandnoble.com', 'Dallon', 'Bickford', '{username}', '225-743-6467', 'dbickfordg');
-- insert into user (id, activated, city, email, first_name, last_name, password, phone, username) values (18, false, 'Lynn', 'bbruckshawh@rambler.ru', 'Brittney', 'Bruckshaw', '{username}', '617-465-1859', 'bbruckshawh');
-- insert into user (id, activated, city, email, first_name, last_name, password, phone, username) values (19, true, 'Nieuwegein', 'ebazyletsi@pinterest.com', 'Ethan', 'Bazylets', '{username}', '496-470-4324', 'ebazyletsi');
-- insert into user (id, activated, city, email, first_name, last_name, password, phone, username) values (20, true, 'Moulins', 'sstanlikej@macromedia.com', 'Sallyanne', 'Stanlike', '{username}', '814-259-5273', 'sstanlikej');
-- insert into user (id, activated, city, email, first_name, last_name, password, phone, username) values (21, false, 'Italó', 'cbeckworthk@thetimes.co.uk', 'Car', 'Beckworth', '{username}', '300-152-9807', 'cbeckworthk');
-- insert into user (id, activated, city, email, first_name, last_name, password, phone, username) values (22, true, 'Urkarakh', 'jbeaneyl@go.com', 'Jecho', 'Beaney', '{username}', '826-480-7471', 'jbeaneyl');
-- insert into user (id, activated, city, email, first_name, last_name, password, phone, username) values (23, true, 'Cam Ranh', 'enetherwoodm@acquirethisname.com', 'Edita', 'Netherwood', '{username}', '387-635-5374', 'enetherwoodm');
-- insert into user (id, activated, city, email, first_name, last_name, password, phone, username) values (24, false, 'Chlewiska', 'amunehayn@shareasale.com', 'Axe', 'Munehay', '{username}', '737-398-2248', 'amunehayn');
-- insert into user (id, activated, city, email, first_name, last_name, password, phone, username) values (25, false, 'Baiquan', 'ahalfheado@surveymonkey.com', 'Andras', 'Halfhead', '{username}', '965-284-7628', 'ahalfheado');
-- insert into user (id, activated, city, email, first_name, last_name, password, phone, username) values (26, false, 'Trzebiatów', 'ddesimonip@chronoengine.com', 'Dotti', 'De Simoni', '{username}', '848-884-6575', 'ddesimonip');
-- insert into user (id, activated, city, email, first_name, last_name, password, phone, username) values (27, true, 'Baylo', 'bclayeq@cbc.ca', 'Buiron', 'Claye', '{username}', '847-753-9183', 'bclayeq');
-- insert into user (id, activated, city, email, first_name, last_name, password, phone, username) values (28, false, 'Seidu', 'wdurnr@de.vu', 'Wang', 'Durn', '{username}', '879-579-9898', 'wdurnr');
-- insert into user (id, activated, city, email, first_name, last_name, password, phone, username) values (29, false, 'Masohi', 'mjeanels@virginia.edu', 'Meggie', 'Jeanel', '{username}', '350-872-5728', 'mjeanels');
-- insert into user (id, activated, city, email, first_name, last_name, password, phone, username) values (30, true, 'Mojo', 'kyarrowt@unesco.org', 'Kally', 'Yarrow', '{username}', '500-567-0988', 'kyarrowt');
-- insert into user (id, activated, city, email, first_name, last_name, password, phone, username) values (31, true, 'Brumadinho', 'kmaccaheeu@dot.gov', 'Kelley', 'MacCahee', '{username}', '441-383-7502', 'kmaccaheeu');
-- insert into user (id, activated, city, email, first_name, last_name, password, phone, username) values (32, true, 'Kuala Tuha', 'wpavyerv@merriam-webster.com', 'Wildon', 'Pavyer', '{username}', '593-165-7027', 'wpavyerv');
-- insert into user (id, activated, city, email, first_name, last_name, password, phone, username) values (33, true, 'Belomorsk', 'cstredwickw@pen.io', 'Corilla', 'Stredwick', '{username}', '187-327-4223', 'cstredwickw');
-- insert into user (id, activated, city, email, first_name, last_name, password, phone, username) values (34, true, 'Trzciana', 'mhannenx@ebay.com', 'Myrle', 'Hannen', '{username}', '221-584-7258', 'mhannenx');
-- insert into user (id, activated, city, email, first_name, last_name, password, phone, username) values (35, true, 'Kanluran', 'peberley@guardian.co.uk', 'Perle', 'Eberle', '{username}', '279-516-6725', 'peberley');
-- insert into user (id, activated, city, email, first_name, last_name, password, phone, username) values (36, false, 'Zhushan', 'alyonsz@auda.org.au', 'Ario', 'Lyons', '{username}', '505-123-7827', 'alyonsz');
-- insert into user (id, activated, city, email, first_name, last_name, password, phone, username) values (37, false, 'Djounie', 'rguymer10@samsung.com', 'Roseanne', 'Guymer', '{username}', '917-277-0288', 'rguymer10');
-- insert into user (id, activated, city, email, first_name, last_name, password, phone, username) values (38, true, 'København', 'mtruder11@msn.com', 'Manfred', 'Truder', '{username}', '132-956-8901', 'mtruder11');
-- insert into user (id, activated, city, email, first_name, last_name, password, phone, username) values (39, true, 'Melioratyvne', 'mginley12@xrea.com', 'Moselle', 'Ginley', '{username}', '651-375-5549', 'mginley12');
-- insert into user (id, activated, city, email, first_name, last_name, password, phone, username) values (40, false, 'Itzig', 'fcudde13@xrea.com', 'Fernando', 'Cudde', '{username}', '157-658-9993', 'fcudde13');
-- insert into user (id, activated, city, email, first_name, last_name, password, phone, username) values (41, true, 'Būlaevo', 'ldeackes14@flickr.com', 'Lyda', 'Deackes', '{username}', '825-406-9258', 'ldeackes14');
-- insert into user (id, activated, city, email, first_name, last_name, password, phone, username) values (42, true, 'Bandar Seri Begawan', 'dnorthing15@java.com', 'Dante', 'Northing', '{username}', '790-283-5600', 'dnorthing15');
-- insert into user (id, activated, city, email, first_name, last_name, password, phone, username) values (43, true, 'Huazangsi', 'cilyenko16@fastcompany.com', 'Clotilda', 'Ilyenko', '{username}', '355-640-6928', 'cilyenko16');
-- insert into user (id, activated, city, email, first_name, last_name, password, phone, username) values (44, false, 'Amieira', 'msympson17@fastcompany.com', 'Modestine', 'Sympson', '{username}', '849-218-4249', 'msympson17');
-- insert into user (id, activated, city, email, first_name, last_name, password, phone, username) values (45, false, 'Itajuípe', 'lsmither18@about.me', 'Lucy', 'Smither', '{username}', '262-644-7221', 'lsmither18');
-- insert into user (id, activated, city, email, first_name, last_name, password, phone, username) values (46, true, 'Cuozhou', 'kbouchier19@comsenz.com', 'Kellyann', 'Bouchier', '{username}', '781-501-8422', 'kbouchier19');
-- insert into user (id, activated, city, email, first_name, last_name, password, phone, username) values (47, true, 'Gangnan', 'vmccane1a@cloudflare.com', 'Vincenty', 'McCane', '{username}', '520-155-4869', 'vmccane1a');
-- insert into user (id, activated, city, email, first_name, last_name, password, phone, username) values (48, false, 'Mont-Dore', 'avero1b@blogger.com', 'Avictor', 'Vero', '{username}', '462-401-8599', 'avero1b');
-- insert into user (id, activated, city, email, first_name, last_name, password, phone, username) values (49, false, 'Berlin', 'jgiorio1c@networkadvertising.org', 'Josey', 'Giorio', '{username}', '523-326-8699', 'jgiorio1c');
-- insert into user (id, activated, city, email, first_name, last_name, password, phone, username) values (50, true, 'Bochov', 'jcusiter1d@boston.com', 'Jamill', 'Cusiter', '{username}', '805-544-7476', 'jcusiter1d');
-- insert into user (id, activated, city, email, first_name, last_name, password, phone, username) values (51, true, 'Monastyrishche', 'hgohn1e@apple.com', 'Hamlin', 'Gohn', '{username}', '495-588-2702', 'hgohn1e');
-- insert into user (id, activated, city, email, first_name, last_name, password, phone, username) values (52, true, 'Acevedo', 'maudenis1f@vistaprint.com', 'Maxim', 'Audenis', '{username}', '672-289-0181', 'maudenis1f');
-- insert into user (id, activated, city, email, first_name, last_name, password, phone, username) values (53, true, 'Fátima', 'sledington1g@intel.com', 'Shandie', 'Ledington', '{username}', '291-645-6204', 'sledington1g');
-- insert into user (id, activated, city, email, first_name, last_name, password, phone, username) values (54, false, 'Stockholm', 'etrevethan1h@over-blog.com', 'Emmie', 'Trevethan', '{username}', '589-328-8938', 'etrevethan1h');
-- insert into user (id, activated, city, email, first_name, last_name, password, phone, username) values (55, true, 'Gali', 'ahebner1i@businesswire.com', 'Alessandro', 'Hebner', '{username}', '461-241-4948', 'ahebner1i');
-- insert into user (id, activated, city, email, first_name, last_name, password, phone, username) values (56, true, 'Puamata', 'asilverman1j@sbwire.com', 'Alvera', 'Silverman', '{username}', '489-312-1955', 'asilverman1j');
-- insert into user (id, activated, city, email, first_name, last_name, password, phone, username) values (57, true, 'Nong Bua Daeng', 'cgahan1k@upenn.edu', 'Clemens', 'Gahan', '{username}', '649-589-0386', 'cgahan1k');
-- insert into user (id, activated, city, email, first_name, last_name, password, phone, username) values (58, false, 'Reriz', 'riacobo1l@linkedin.com', 'Rosana', 'Iacobo', '{username}', '593-175-4494', 'riacobo1l');
-- insert into user (id, activated, city, email, first_name, last_name, password, phone, username) values (59, false, 'Saint Louis', 'trobbs1m@uiuc.edu', 'Travus', 'Robbs', '{username}', '314-659-7898', 'trobbs1m');
-- insert into user (id, activated, city, email, first_name, last_name, password, phone, username) values (60, true, 'Maszkienice', 'jpercival1n@webmd.com', 'Janela', 'Percival', '{username}', '755-172-6725', 'jpercival1n');
-- insert into user (id, activated, city, email, first_name, last_name, password, phone, username) values (61, false, 'Ambarita', 'flecointe1o@google.co.uk', 'Franky', 'Lecointe', '{username}', '580-778-2554', 'flecointe1o');
-- insert into user (id, activated, city, email, first_name, last_name, password, phone, username) values (62, false, 'Zabrat', 'mkarpeev1p@shareasale.com', 'Margalit', 'Karpeev', '{username}', '435-606-6528', 'mkarpeev1p');
-- insert into user (id, activated, city, email, first_name, last_name, password, phone, username) values (63, false, 'Zürich', 'sitscowics1q@princeton.edu', 'Sophia', 'Itscowics', '{username}', '990-625-3505', 'sitscowics1q');
-- insert into user (id, activated, city, email, first_name, last_name, password, phone, username) values (64, true, 'Shijiazhuang', 'mmakin1r@angelfire.com', 'Melvin', 'Makin', '{username}', '680-719-9859', 'mmakin1r');
-- insert into user (id, activated, city, email, first_name, last_name, password, phone, username) values (65, false, 'Hongmei', 'cruos1s@arstechnica.com', 'Clerc', 'Ruos', '{username}', '657-449-6831', 'cruos1s');
-- insert into user (id, activated, city, email, first_name, last_name, password, phone, username) values (66, true, 'Yanggu’ao', 'rbrear1t@360.cn', 'Rosina', 'Brear', '{username}', '236-373-5251', 'rbrear1t');
-- insert into user (id, activated, city, email, first_name, last_name, password, phone, username) values (67, false, 'Calangain', 'ksiege1u@dagondesign.com', 'Kira', 'Siege', '{username}', '432-343-8501', 'ksiege1u');
-- insert into user (id, activated, city, email, first_name, last_name, password, phone, username) values (68, false, 'Saravia', 'jgierke1v@sfgate.com', 'Johny', 'Gierke', '{username}', '580-156-2371', 'jgierke1v');
-- insert into user (id, activated, city, email, first_name, last_name, password, phone, username) values (69, false, 'Larnaca', 'rgillum1w@unblog.fr', 'Ruy', 'Gillum', '{username}', '263-711-6219', 'rgillum1w');
-- insert into user (id, activated, city, email, first_name, last_name, password, phone, username) values (70, false, 'Ostrówek', 'spetruska1x@netscape.com', 'Sonnnie', 'Petruska', '{username}', '332-656-5366', 'spetruska1x');
-- insert into user (id, activated, city, email, first_name, last_name, password, phone, username) values (71, true, 'Dakhla', 'ccanet1y@google.com.br', 'Coraline', 'Canet', '{username}', '803-371-3927', 'ccanet1y');
-- insert into user (id, activated, city, email, first_name, last_name, password, phone, username) values (72, true, 'Leipzig', 'kberzen1z@naver.com', 'Kin', 'Berzen', '{username}', '148-625-9683', 'kberzen1z');
-- insert into user (id, activated, city, email, first_name, last_name, password, phone, username) values (73, true, 'Xilian', 'ckeelinge20@digg.com', 'Cameron', 'Keelinge', '{username}', '582-677-3601', 'ckeelinge20');
-- insert into user (id, activated, city, email, first_name, last_name, password, phone, username) values (74, false, 'Puente Nacional', 'mmerrigan21@pinterest.com', 'Miranda', 'Merrigan', '{username}', '849-922-1130', 'mmerrigan21');
-- insert into user (id, activated, city, email, first_name, last_name, password, phone, username) values (75, true, 'Shuangxi', 'tchable22@xing.com', 'Tori', 'Chable', '{username}', '609-365-0805', 'tchable22');
-- insert into user (id, activated, city, email, first_name, last_name, password, phone, username) values (76, false, 'Ḩawf', 'dframmingham23@lulu.com', 'Dani', 'Frammingham', '{username}', '186-792-2350', 'dframmingham23');
-- insert into user (id, activated, city, email, first_name, last_name, password, phone, username) values (77, true, 'Matadi', 'kgiovannelli24@jigsy.com', 'Katrine', 'Giovannelli', '{username}', '284-250-7416', 'kgiovannelli24');
-- insert into user (id, activated, city, email, first_name, last_name, password, phone, username) values (78, false, 'Rolândia', 'bantonov25@disqus.com', 'Bern', 'Antonov', '{username}', '742-224-9362', 'bantonov25');
-- insert into user (id, activated, city, email, first_name, last_name, password, phone, username) values (79, false, 'Wādī as Salqā', 'wchesswas26@jigsy.com', 'Waylan', 'Chesswas', '{username}', '216-834-2558', 'wchesswas26');
-- insert into user (id, activated, city, email, first_name, last_name, password, phone, username) values (80, true, 'Lélouma', 'tdanilchik27@comsenz.com', 'Tiffie', 'Danilchik', '{username}', '278-492-0804', 'tdanilchik27');
-- insert into user (id, activated, city, email, first_name, last_name, password, phone, username) values (81, true, 'Nadvoitsy', 'eblowin28@drupal.org', 'Evey', 'Blowin', '{username}', '399-434-0211', 'eblowin28');
-- insert into user (id, activated, city, email, first_name, last_name, password, phone, username) values (82, true, 'Washington', 'rknuckles29@accuweather.com', 'Robinia', 'Knuckles', '{username}', '202-551-1300', 'rknuckles29');
-- insert into user (id, activated, city, email, first_name, last_name, password, phone, username) values (83, false, 'Loyew', 'seadmeads2a@ebay.com', 'Sydelle', 'Eadmeads', '{username}', '161-956-3332', 'seadmeads2a');
-- insert into user (id, activated, city, email, first_name, last_name, password, phone, username) values (84, true, 'Huangshan', 'kreames2b@chron.com', 'Kerby', 'Reames', '{username}', '332-501-7215', 'kreames2b');
-- insert into user (id, activated, city, email, first_name, last_name, password, phone, username) values (85, true, 'Gaoqiao', 'vhenrique2c@alexa.com', 'Vasily', 'Henrique', '{username}', '205-262-9845', 'vhenrique2c');
-- insert into user (id, activated, city, email, first_name, last_name, password, phone, username) values (86, true, 'Ziyang Chengguanzhen', 'kdring2d@blog.com', 'Kev', 'Dring', '{username}', '159-294-9911', 'kdring2d');
-- insert into user (id, activated, city, email, first_name, last_name, password, phone, username) values (87, true, 'Hengtanggang', 'natack2e@indiatimes.com', 'Ned', 'Atack', '{username}', '924-629-3303', 'natack2e');
-- insert into user (id, activated, city, email, first_name, last_name, password, phone, username) values (88, false, 'Jammā‘īn', 'eensor2f@spotify.com', 'Elijah', 'Ensor', '{username}', '779-551-7396', 'eensor2f');
-- insert into user (id, activated, city, email, first_name, last_name, password, phone, username) values (89, false, 'Fuyu', 'hcoffee2g@google.co.jp', 'Hazel', 'Coffee', '{username}', '532-835-2771', 'hcoffee2g');
-- insert into user (id, activated, city, email, first_name, last_name, password, phone, username) values (90, true, 'Kopstal', 'lcrowter2h@amazon.co.uk', 'Lesya', 'Crowter', '{username}', '175-891-8401', 'lcrowter2h');
-- insert into user (id, activated, city, email, first_name, last_name, password, phone, username) values (91, false, 'Zapatero', 'gfryett2i@cargocollective.com', 'Georgia', 'Fryett', '{username}', '978-482-4996', 'gfryett2i');
-- insert into user (id, activated, city, email, first_name, last_name, password, phone, username) values (92, false, 'Taradale', 'jcutress2j@amazonaws.com', 'Jereme', 'Cutress', '{username}', '466-525-5870', 'jcutress2j');
-- insert into user (id, activated, city, email, first_name, last_name, password, phone, username) values (93, false, 'Belajen', 'pcobley2k@myspace.com', 'Pierce', 'Cobley', '{username}', '195-890-2122', 'pcobley2k');
-- insert into user (id, activated, city, email, first_name, last_name, password, phone, username) values (94, false, 'Lomme', 'yborrel2l@photobucket.com', 'Yalonda', 'Borrel', '{username}', '886-952-5323', 'yborrel2l');
-- insert into user (id, activated, city, email, first_name, last_name, password, phone, username) values (95, false, 'Gitega', 'sestabrook2m@cbslocal.com', 'Samara', 'Estabrook', '{username}', '150-556-1967', 'sestabrook2m');
-- insert into user (id, activated, city, email, first_name, last_name, password, phone, username) values (96, true, 'Bolilao', 'fstevenson2n@netlog.com', 'Frannie', 'Stevenson', '{username}', '986-675-1271', 'fstevenson2n');
-- insert into user (id, activated, city, email, first_name, last_name, password, phone, username) values (97, false, 'San José de Barlovento', 'csiggens2o@quantcast.com', 'Cooper', 'Siggens', '{username}', '302-417-9463', 'csiggens2o');
-- insert into user (id, activated, city, email, first_name, last_name, password, phone, username) values (98, true, 'Pasirtundun', 'mjoyes2p@usatoday.com', 'Merrielle', 'Joyes', '{username}', '167-933-2555', 'mjoyes2p');
-- insert into user (id, activated, city, email, first_name, last_name, password, phone, username) values (99, true, 'Ballymahon', 'cwincer2q@dot.gov', 'Carol-jean', 'Wincer', '{username}', '512-985-4101', 'cwincer2q');
-- insert into user (id, activated, city, email, first_name, last_name, password, phone, username) values (100, false, 'Baiqi', 'jrowlin2r@twitpic.com', 'Janith', 'Rowlin', '{username}', '829-939-7203', 'jrowlin2r');

-- insert into user_authority (user_id, authority_id) values (12, 1);
-- insert into user_authority (user_id, authority_id) values (13, 1);
-- insert into user_authority (user_id, authority_id) values (14, 1);
-- insert into user_authority (user_id, authority_id) values (15, 1);
-- insert into user_authority (user_id, authority_id) values (16, 1);
-- insert into user_authority (user_id, authority_id) values (17, 1);
-- insert into user_authority (user_id, authority_id) values (18, 1);
-- insert into user_authority (user_id, authority_id) values (19, 1);
-- insert into user_authority (user_id, authority_id) values (20, 1);
-- insert into user_authority (user_id, authority_id) values (21, 1);
-- insert into user_authority (user_id, authority_id) values (22, 1);
-- insert into user_authority (user_id, authority_id) values (23, 1);
-- insert into user_authority (user_id, authority_id) values (24, 1);
-- insert into user_authority (user_id, authority_id) values (25, 1);
-- insert into user_authority (user_id, authority_id) values (26, 1);
-- insert into user_authority (user_id, authority_id) values (27, 1);
-- insert into user_authority (user_id, authority_id) values (28, 1);
-- insert into user_authority (user_id, authority_id) values (29, 1);
-- insert into user_authority (user_id, authority_id) values (30, 1);
-- insert into user_authority (user_id, authority_id) values (31, 1);
-- insert into user_authority (user_id, authority_id) values (32, 1);
-- insert into user_authority (user_id, authority_id) values (33, 1);
-- insert into user_authority (user_id, authority_id) values (34, 1);
-- insert into user_authority (user_id, authority_id) values (35, 1);
-- insert into user_authority (user_id, authority_id) values (36, 1);
-- insert into user_authority (user_id, authority_id) values (37, 1);
-- insert into user_authority (user_id, authority_id) values (38, 1);
-- insert into user_authority (user_id, authority_id) values (39, 1);
-- insert into user_authority (user_id, authority_id) values (40, 1);
-- insert into user_authority (user_id, authority_id) values (41, 1);
-- insert into user_authority (user_id, authority_id) values (42, 1);
-- insert into user_authority (user_id, authority_id) values (43, 1);
-- insert into user_authority (user_id, authority_id) values (44, 1);
-- insert into user_authority (user_id, authority_id) values (45, 1);
-- insert into user_authority (user_id, authority_id) values (46, 1);
-- insert into user_authority (user_id, authority_id) values (47, 1);
-- insert into user_authority (user_id, authority_id) values (48, 1);
-- insert into user_authority (user_id, authority_id) values (49, 1);
-- insert into user_authority (user_id, authority_id) values (50, 1);
-- insert into user_authority (user_id, authority_id) values (51, 1);
-- insert into user_authority (user_id, authority_id) values (52, 1);
-- insert into user_authority (user_id, authority_id) values (53, 1);
-- insert into user_authority (user_id, authority_id) values (54, 1);
-- insert into user_authority (user_id, authority_id) values (55, 1);
-- insert into user_authority (user_id, authority_id) values (56, 1);
-- insert into user_authority (user_id, authority_id) values (57, 1);
-- insert into user_authority (user_id, authority_id) values (58, 1);
-- insert into user_authority (user_id, authority_id) values (59, 1);
-- insert into user_authority (user_id, authority_id) values (60, 1);
-- insert into user_authority (user_id, authority_id) values (61, 1);
-- insert into user_authority (user_id, authority_id) values (62, 1);
-- insert into user_authority (user_id, authority_id) values (63, 1);
-- insert into user_authority (user_id, authority_id) values (64, 1);
-- insert into user_authority (user_id, authority_id) values (65, 1);
-- insert into user_authority (user_id, authority_id) values (66, 1);
-- insert into user_authority (user_id, authority_id) values (67, 1);
-- insert into user_authority (user_id, authority_id) values (68, 1);
-- insert into user_authority (user_id, authority_id) values (69, 1);
-- insert into user_authority (user_id, authority_id) values (70, 1);
-- insert into user_authority (user_id, authority_id) values (71, 1);
-- insert into user_authority (user_id, authority_id) values (72, 1);
-- insert into user_authority (user_id, authority_id) values (73, 1);
-- insert into user_authority (user_id, authority_id) values (74, 1);
-- insert into user_authority (user_id, authority_id) values (75, 1);
-- insert into user_authority (user_id, authority_id) values (76, 1);
-- insert into user_authority (user_id, authority_id) values (77, 1);
-- insert into user_authority (user_id, authority_id) values (78, 1);
-- insert into user_authority (user_id, authority_id) values (79, 1);
-- insert into user_authority (user_id, authority_id) values (80, 1);
-- insert into user_authority (user_id, authority_id) values (81, 1);
-- insert into user_authority (user_id, authority_id) values (82, 1);
-- insert into user_authority (user_id, authority_id) values (83, 1);
-- insert into user_authority (user_id, authority_id) values (84, 1);
-- insert into user_authority (user_id, authority_id) values (85, 1);
-- insert into user_authority (user_id, authority_id) values (86, 1);
-- insert into user_authority (user_id, authority_id) values (87, 1);
-- insert into user_authority (user_id, authority_id) values (88, 1);
-- insert into user_authority (user_id, authority_id) values (89, 1);
-- insert into user_authority (user_id, authority_id) values (90, 1);
-- insert into user_authority (user_id, authority_id) values (91, 1);
-- insert into user_authority (user_id, authority_id) values (92, 1);
-- insert into user_authority (user_id, authority_id) values (93, 1);
-- insert into user_authority (user_id, authority_id) values (94, 1);
-- insert into user_authority (user_id, authority_id) values (95, 1);
-- insert into user_authority (user_id, authority_id) values (96, 1);
-- insert into user_authority (user_id, authority_id) values (97, 1);
-- insert into user_authority (user_id, authority_id) values (98, 1);
-- insert into user_authority (user_id, authority_id) values (99, 1);
